Provider,Payer,API Name,Workflow,Standard,FHIR,REST,X12,Direct,Intermediary,Public,Sandbox,Free Sandbox,Production,Free Production,Paid Production,Pricing,Provider Enrollment,Payer Enrollment,Authentication,OAuth,SMART,Real-Time,Batch,Source,Last Verified,Confidence
Stedi,"Multi (3,500+)",Eligibility API,Eligibility,270/271,NO,YES,YES,NO,YES,YES,YES,YES,YES,YES (100/mo),YES,Pay-as-you-go from $100; exact ¢/txn behind calculator (verify),PARTIAL,NO,API key,NO,NO,YES,YES,https://www.stedi.com/docs/healthcare,"August 18, 2026",High
Stedi,"Multi (3,500+)",Claim Status API,Claim Status,276/277,NO,YES,YES,NO,YES,YES,YES,YES,YES,YES (100/mo),YES,Pay-as-you-go,PARTIAL,NO,API key,NO,NO,YES,YES,https://www.stedi.com/docs/healthcare,"August 18, 2026",High
Stedi,"Multi (3,500+)",Claims API (837),Claims,837P/I/D,NO,YES,YES,NO,YES,YES,YES,YES,YES,YES (100/mo),YES,Pay-as-you-go,YES,NO,API key,NO,NO,YES,YES,https://www.stedi.com/docs/healthcare,"August 18, 2026",High
Stedi,"Multi (3,500+)",Remittance (835) API,Denials,835,NO,YES,YES,NO,YES,YES,YES,YES,YES,YES (100/mo),YES,Pay-as-you-go,YES (835 enroll),NO,API key,NO,NO,YES,YES,https://www.stedi.com/docs/healthcare,"August 18, 2026",High
Availity,Blues-heavy,Eligibility & Benefits API,Eligibility/Benefits,270/271,YES,YES,YES,NO,YES,YES,YES (mock),YES,YES,NO,YES,Not publicly disclosed (contract),YES,YES,OAuth2,YES,NO,YES,YES,https://www.availity.com/api-marketplace/,"August 18, 2026",High
Availity,Blues-heavy,Claim Status API,Claim Status,276/277,NO,YES,YES,NO,YES,YES,YES (mock),YES,YES,NO,YES,Not publicly disclosed,YES,YES,OAuth2,YES,NO,YES,YES,https://www.availity.com/api-marketplace/,"August 18, 2026",High
Availity,Blues-heavy,Authorization/Referral (278) + FHIR PA,Prior Auth,278 / FHIR PAS,YES,YES,YES,NO,YES,YES,YES (mock),YES,YES,NO,YES,Not publicly disclosed,YES,YES,OAuth2,YES,PARTIAL,YES,NO,https://www.availity.com/api-marketplace/,"August 18, 2026",High
Optum (Change),Most U.S. payers,Eligibility API,Eligibility,270/271,NO,YES,YES,NO,YES,YES,YES,YES,YES,NO,YES,Not publicly disclosed (contract),YES,YES,OAuth2,YES,NO,YES,YES,https://developer.optum.com/,"August 18, 2026",High
Optum (Change),Most U.S. payers,Claim Status API,Claim Status,276/277,NO,YES,YES,NO,YES,YES,YES,YES,YES,NO,YES,Not publicly disclosed,YES,YES,OAuth2,YES,NO,YES,YES,https://developer.optum.com/,"August 18, 2026",High
Optum (Change),Most U.S. payers,Claims + ERA + Attachments (275),Claims/Denials,837/835/275,PARTIAL,YES,YES,NO,YES,YES,YES,YES,YES,NO,YES,Not publicly disclosed,YES,YES,OAuth2,YES,NO,YES,YES,https://developer.optum.com/,"August 18, 2026",High
Waystar,"5,000+",Eligibility/Status/Claims/ERA,Multiple,270/271·276/277·837·835,UNKNOWN,YES,YES,NO,YES,PARTIAL,UNKNOWN,UNKNOWN,YES,NO,YES,Custom/enterprise (not public),YES,YES,OAuth2,YES,NO,YES,YES,https://www.waystar.com/our-platform/claim-management/claim-manager/,"August 18, 2026",Medium
Zelis,330–550+ (ERA),ERA/EFT enrollment + delivery,Denials/Payment,835,NO,YES,YES,NO,YES,PARTIAL,UNKNOWN,YES,NO,NO,YES,Not public,YES (EFT/ERA),NO,API key,NO,NO,NO,YES,https://zelis.com/providers/provider-payments-2/,"August 18, 2026",High
pVerify,Many,Eligibility/Status/PA API,Eligibility/Estimation,270/271 + FHIR,YES,YES,YES,NO,YES,YES,Free trial,YES,YES,NO,YES,Tiered (3rd-party; verify),YES,NO,API key,PARTIAL,PARTIAL,YES,NO,https://www.pverify.com/api-developers/,"August 18, 2026",Medium
CMS,Medicare FFS,Blue Button 2.0,Patient claims (Medicare FFS),FHIR R4 (CARIN),YES,YES,NO,YES,NO,YES,YES,YES,YES,YES,NO,Free (patient-authorized),NO,N/A,OAuth2 / SMART,YES,YES,YES,YES,https://bluebutton.cms.gov/,"August 18, 2026",High
CMS,Medicare FFS,Data at the Point of Care (DPC),Provider access to Medicare claims,FHIR R4 (Bulk),YES,YES,NO,YES,NO,YES,YES,YES,YES,YES,NO,Free (attribution-based pilot),YES,N/A,OAuth2,YES,NO,NO,YES,https://dpc.cms.gov/,"August 18, 2026",Medium
CMS,N/A,NPPES NPI Registry API,Provider directory (NPI),REST/JSON,NO,YES,NO,NO,NO,YES,N/A (live free),N/A,YES,YES,NO,"Free, public",NO,NO,None,NO,NO,YES,NO,https://npiregistry.cms.gov/api-page,"August 18, 2026",High
Health plans (CMS-regulated),MA/Medicaid/CHIP/QHP,Patient Access API (FHIR),Member data access,FHIR R4 (CARIN/PDex),YES,YES,NO,YES,NO,YES,YES,YES,YES,YES,NO,Free (patient-authorized; NOT provider RCM),NO,N/A,OAuth2 / SMART,YES,PARTIAL,YES,YES,https://www.cms.gov/newsroom/fact-sheets/interoperability-and-patient-access-fact-sheet,"August 18, 2026",High
Health plans (CMS-regulated),MA/Medicaid/CHIP/QHP,Provider Access API (FHIR) — 2027,Attributed-patient data to providers,FHIR R4 (PDex),YES,YES,NO,YES,NO,YES,PARTIAL,PARTIAL (2027),UNKNOWN,UNKNOWN,UNKNOWN,Mandated 2027 (CMS-0057-F); pricing UNKNOWN,YES,NO,OAuth2,YES,NO,NO,YES,https://www.cms.gov/priorities/burden-reduction/overview/interoperability/frequently-asked-questions/provider-access-api,"August 18, 2026",Medium
