Payer,Timely Filing,Appeal Deadline,Submission Method,Provider Manual / Source,Last Verified,Confidence
UnitedHealthcare,VARIABLE (per participation agreement; MA claims 365d floor),VARIABLE by LOB (~65d MA reconsideration),Provider portal / Availity,https://www.uhcprovider.com/en/admin-guides.html,"August 18, 2026",VARIABLE
Aetna,VARIABLE (~90d in-net / 12mo OON per contract; 180d Medicaid MC),Reconsideration ~180d → 2nd-level ~60d (verify),Availity / fax / mail,https://www.aetna.com/health-care-professionals/clinical-policy-bulletins/medical-clinical-policy-bulletins.html,"August 18, 2026",Medium
Cigna,VARIABLE (~90d in / 180d OON; CA 365d),Appeal within 180 calendar days (per Cigna appeals page),CignaforHCP / payment-review form / mail / fax,https://www.cigna.com/health-care-providers/coverage-and-claims/appeals-disputes,"August 18, 2026",Medium-High
Humana,MA 365d from DOS (fixed); commercial VARIABLE,MA reconsideration 65d (fixed); commercial ~180d,provider.humana.com,https://provider.humana.com/coverage-claims/payment-integrity/reconsiderations-appeals,"August 18, 2026",MA: High
Elevance / Anthem,UNKNOWN / VARIABLE by state (90 vs 180d cited),"Provider Dispute Resolution: 2-step, state-specific",Availity Payment Appeal Tool,https://providernews.anthem.com,"August 18, 2026",Low/Variable
Florida Blue (BCBS),VARIABLE (~365d default; contract may be shorter),~1yr most denials; MA 60d,Availity PASSPORT (Electronic Appeal),https://www.floridablue.com/providers,"August 18, 2026",Low/Variable
Medicare FFS (CMS),1 year from DOS (fixed rule),Redetermination 120d → Reconsideration 180d → ALJ 60d → Council 60d → court 60d,MAC,https://www.cms.gov/medicare/appeals-grievances/fee-for-service,"August 18, 2026",High
Medicare Advantage,MA 365d claim floor,Plan reconsideration 65d → IRE (C2C from 5/1/2026) → ALJ → Council → court,Plan portal / CMS,https://www.cms.gov/medicare/appeals-grievances/managed-care,"August 18, 2026",High
Medicaid managed care,State-set (fixed by 42 CFR 438),Plan appeal ≤30d resolution → state fair hearing (request 90–120d),Plan portal / state,https://www.ecfr.gov/current/title-42/chapter-IV/subchapter-C/part-438,"August 18, 2026",High
